--
-- PostgreSQL database dump
--

-- Dumped from database version 12.17 (Ubuntu 12.17-1.pgdg22.04+1)
-- Dumped by pg_dump version 12.17 (Ubuntu 12.17-1.pgdg22.04+1)

SET statement_timeout = 0;
SET lock_timeout = 0;
SET idle_in_transaction_session_timeout = 0;
SET client_encoding = 'UTF8';
SET standard_conforming_strings = on;
SELECT pg_catalog.set_config('search_path', '', false);
SET check_function_bodies = false;
SET xmloption = content;
SET client_min_messages = warning;
SET row_security = off;

DROP DATABASE universe;
--
-- Name: universe; Type: DATABASE; Schema: -; Owner: freecodecamp
--

CREATE DATABASE universe WITH TEMPLATE = template0 ENCODING = 'UTF8' LC_COLLATE = 'C.UTF-8' LC_CTYPE = 'C.UTF-8';


ALTER DATABASE universe OWNER TO freecodecamp;

\connect universe

SET statement_timeout = 0;
SET lock_timeout = 0;
SET idle_in_transaction_session_timeout = 0;
SET client_encoding = 'UTF8';
SET standard_conforming_strings = on;
SELECT pg_catalog.set_config('search_path', '', false);
SET check_function_bodies = false;
SET xmloption = content;
SET client_min_messages = warning;
SET row_security = off;

SET default_tablespace = '';

SET default_table_access_method = heap;

--
-- Name: alien; Type: TABLE; Schema: public; Owner: freecodecamp
--

CREATE TABLE public.alien (
    alien_id integer NOT NULL,
    name character varying(30) NOT NULL,
    age integer,
    height integer
);


ALTER TABLE public.alien OWNER TO freecodecamp;

--
-- Name: alien_alien_id_seq; Type: SEQUENCE; Schema: public; Owner: freecodecamp
--

CREATE SEQUENCE public.alien_alien_id_seq
    AS integer
    START WITH 1
    INCREMENT BY 1
    NO MINVALUE
    NO MAXVALUE
    CACHE 1;


ALTER TABLE public.alien_alien_id_seq OWNER TO freecodecamp;

--
-- Name: alien_alien_id_seq; Type: SEQUENCE OWNED BY; Schema: public; Owner: freecodecamp
--

ALTER SEQUENCE public.alien_alien_id_seq OWNED BY public.alien.alien_id;


--
-- Name: galaxy; Type: TABLE; Schema: public; Owner: freecodecamp
--

CREATE TABLE public.galaxy (
    galaxy_id integer NOT NULL,
    name character varying(30) NOT NULL,
    description text,
    iscool boolean,
    has_aliens boolean
);


ALTER TABLE public.galaxy OWNER TO freecodecamp;

--
-- Name: galaxy_galaxy_id_seq; Type: SEQUENCE; Schema: public; Owner: freecodecamp
--

CREATE SEQUENCE public.galaxy_galaxy_id_seq
    AS integer
    START WITH 1
    INCREMENT BY 1
    NO MINVALUE
    NO MAXVALUE
    CACHE 1;


ALTER TABLE public.galaxy_galaxy_id_seq OWNER TO freecodecamp;

--
-- Name: galaxy_galaxy_id_seq; Type: SEQUENCE OWNED BY; Schema: public; Owner: freecodecamp
--

ALTER SEQUENCE public.galaxy_galaxy_id_seq OWNED BY public.galaxy.galaxy_id;


--
-- Name: moon; Type: TABLE; Schema: public; Owner: freecodecamp
--

CREATE TABLE public.moon (
    moon_id integer NOT NULL,
    name character varying(30) NOT NULL,
    is_spherical boolean,
    age integer,
    weight integer,
    planet_id integer
);


ALTER TABLE public.moon OWNER TO freecodecamp;

--
-- Name: moon_moon_id_seq; Type: SEQUENCE; Schema: public; Owner: freecodecamp
--

CREATE SEQUENCE public.moon_moon_id_seq
    AS integer
    START WITH 1
    INCREMENT BY 1
    NO MINVALUE
    NO MAXVALUE
    CACHE 1;


ALTER TABLE public.moon_moon_id_seq OWNER TO freecodecamp;

--
-- Name: moon_moon_id_seq; Type: SEQUENCE OWNED BY; Schema: public; Owner: freecodecamp
--

ALTER SEQUENCE public.moon_moon_id_seq OWNED BY public.moon.moon_id;


--
-- Name: planet; Type: TABLE; Schema: public; Owner: freecodecamp
--

CREATE TABLE public.planet (
    planet_id integer NOT NULL,
    name character varying(30) NOT NULL,
    is_spherical boolean,
    star_id integer,
    has_aliens boolean
);


ALTER TABLE public.planet OWNER TO freecodecamp;

--
-- Name: planet_planet_id_seq; Type: SEQUENCE; Schema: public; Owner: freecodecamp
--

CREATE SEQUENCE public.planet_planet_id_seq
    AS integer
    START WITH 1
    INCREMENT BY 1
    NO MINVALUE
    NO MAXVALUE
    CACHE 1;


ALTER TABLE public.planet_planet_id_seq OWNER TO freecodecamp;

--
-- Name: planet_planet_id_seq; Type: SEQUENCE OWNED BY; Schema: public; Owner: freecodecamp
--

ALTER SEQUENCE public.planet_planet_id_seq OWNED BY public.planet.planet_id;


--
-- Name: star; Type: TABLE; Schema: public; Owner: freecodecamp
--

CREATE TABLE public.star (
    star_id integer NOT NULL,
    name character varying(30) NOT NULL,
    backstory text,
    rating numeric(3,1),
    galaxy_id integer
);


ALTER TABLE public.star OWNER TO freecodecamp;

--
-- Name: star_star_id_seq; Type: SEQUENCE; Schema: public; Owner: freecodecamp
--

CREATE SEQUENCE public.star_star_id_seq
    AS integer
    START WITH 1
    INCREMENT BY 1
    NO MINVALUE
    NO MAXVALUE
    CACHE 1;


ALTER TABLE public.star_star_id_seq OWNER TO freecodecamp;

--
-- Name: star_star_id_seq; Type: SEQUENCE OWNED BY; Schema: public; Owner: freecodecamp
--

ALTER SEQUENCE public.star_star_id_seq OWNED BY public.star.star_id;


--
-- Name: alien alien_id; Type: DEFAULT; Schema: public; Owner: freecodecamp
--

ALTER TABLE ONLY public.alien ALTER COLUMN alien_id SET DEFAULT nextval('public.alien_alien_id_seq'::regclass);


--
-- Name: galaxy galaxy_id; Type: DEFAULT; Schema: public; Owner: freecodecamp
--

ALTER TABLE ONLY public.galaxy ALTER COLUMN galaxy_id SET DEFAULT nextval('public.galaxy_galaxy_id_seq'::regclass);


--
-- Name: moon moon_id; Type: DEFAULT; Schema: public; Owner: freecodecamp
--

ALTER TABLE ONLY public.moon ALTER COLUMN moon_id SET DEFAULT nextval('public.moon_moon_id_seq'::regclass);


--
-- Name: planet planet_id; Type: DEFAULT; Schema: public; Owner: freecodecamp
--

ALTER TABLE ONLY public.planet ALTER COLUMN planet_id SET DEFAULT nextval('public.planet_planet_id_seq'::regclass);


--
-- Name: star star_id; Type: DEFAULT; Schema: public; Owner: freecodecamp
--

ALTER TABLE ONLY public.star ALTER COLUMN star_id SET DEFAULT nextval('public.star_star_id_seq'::regclass);


--
-- Data for Name: alien; Type: TABLE DATA; Schema: public; Owner: freecodecamp
--

INSERT INTO public.alien VALUES (1, 'ben', NULL, NULL);
INSERT INTO public.alien VALUES (2, 'et', NULL, NULL);
INSERT INTO public.alien VALUES (3, 'nathan', NULL, NULL);


--
-- Data for Name: galaxy; Type: TABLE DATA; Schema: public; Owner: freecodecamp
--

INSERT INTO public.galaxy VALUES (1, 'milky way', 'not milky', NULL, NULL);
INSERT INTO public.galaxy VALUES (2, 'choco way', 'not choccy', NULL, NULL);
INSERT INTO public.galaxy VALUES (3, 'big dipper', NULL, NULL, NULL);
INSERT INTO public.galaxy VALUES (4, 'slyer galaxy', NULL, NULL, NULL);
INSERT INTO public.galaxy VALUES (5, 'kind galaxy', NULL, NULL, NULL);
INSERT INTO public.galaxy VALUES (6, 'mean galaxy', NULL, NULL, NULL);


--
-- Data for Name: moon; Type: TABLE DATA; Schema: public; Owner: freecodecamp
--

INSERT INTO public.moon VALUES (1, 'earthmoon', NULL, NULL, NULL, 1);
INSERT INTO public.moon VALUES (2, 'following moon', NULL, NULL, NULL, 2);
INSERT INTO public.moon VALUES (3, 'next in line', NULL, NULL, NULL, 3);
INSERT INTO public.moon VALUES (4, 'not a moon', NULL, NULL, NULL, 4);
INSERT INTO public.moon VALUES (5, 'cool moon', NULL, NULL, NULL, 5);
INSERT INTO public.moon VALUES (6, 'mike', NULL, NULL, NULL, 6);
INSERT INTO public.moon VALUES (7, 'ross', NULL, NULL, NULL, 7);
INSERT INTO public.moon VALUES (8, 'harvey', NULL, NULL, NULL, 8);
INSERT INTO public.moon VALUES (9, 'specter', NULL, NULL, NULL, 8);
INSERT INTO public.moon VALUES (10, 'donna', NULL, NULL, NULL, 9);
INSERT INTO public.moon VALUES (11, 'paulson', NULL, NULL, NULL, 9);
INSERT INTO public.moon VALUES (12, 'louis', NULL, NULL, NULL, 10);
INSERT INTO public.moon VALUES (13, 'litt', NULL, NULL, NULL, 11);
INSERT INTO public.moon VALUES (14, 'rachel', NULL, NULL, NULL, 12);
INSERT INTO public.moon VALUES (15, 'zane', NULL, NULL, NULL, 12);
INSERT INTO public.moon VALUES (16, 'alex', NULL, NULL, NULL, 1);
INSERT INTO public.moon VALUES (17, 'williams', NULL, NULL, NULL, 2);
INSERT INTO public.moon VALUES (18, 'jessica', NULL, NULL, NULL, 3);
INSERT INTO public.moon VALUES (19, 'pearson', NULL, NULL, NULL, 4);
INSERT INTO public.moon VALUES (20, 'daniel', NULL, NULL, NULL, 6);
INSERT INTO public.moon VALUES (21, 'hardman', NULL, NULL, NULL, 7);


--
-- Data for Name: planet; Type: TABLE DATA; Schema: public; Owner: freecodecamp
--

INSERT INTO public.planet VALUES (1, 'earth', NULL, 2, NULL);
INSERT INTO public.planet VALUES (2, 'mars', NULL, 2, NULL);
INSERT INTO public.planet VALUES (3, 'venus', NULL, 2, NULL);
INSERT INTO public.planet VALUES (4, 'mercury', NULL, 2, NULL);
INSERT INTO public.planet VALUES (5, 'saturn', NULL, 2, NULL);
INSERT INTO public.planet VALUES (6, 'pangea', NULL, 3, NULL);
INSERT INTO public.planet VALUES (7, 'pluto', NULL, 2, NULL);
INSERT INTO public.planet VALUES (8, 'planet x', NULL, 4, NULL);
INSERT INTO public.planet VALUES (9, 'numbani', NULL, 5, NULL);
INSERT INTO public.planet VALUES (10, 'paraiso', NULL, 6, NULL);
INSERT INTO public.planet VALUES (11, 'dust 2', NULL, 4, NULL);
INSERT INTO public.planet VALUES (12, 'cache', NULL, 4, NULL);


--
-- Data for Name: star; Type: TABLE DATA; Schema: public; Owner: freecodecamp
--

INSERT INTO public.star VALUES (2, 'sun', NULL, 5.5, 1);
INSERT INTO public.star VALUES (3, 'chocostar', NULL, NULL, 2);
INSERT INTO public.star VALUES (4, 'big star', NULL, NULL, 3);
INSERT INTO public.star VALUES (5, 'sly star', NULL, NULL, 4);
INSERT INTO public.star VALUES (6, 'kind star', NULL, NULL, 5);
INSERT INTO public.star VALUES (7, 'mean star', NULL, NULL, 6);


--
-- Name: alien_alien_id_seq; Type: SEQUENCE SET; Schema: public; Owner: freecodecamp
--

SELECT pg_catalog.setval('public.alien_alien_id_seq', 3, true);


--
-- Name: galaxy_galaxy_id_seq; Type: SEQUENCE SET; Schema: public; Owner: freecodecamp
--

SELECT pg_catalog.setval('public.galaxy_galaxy_id_seq', 6, true);


--
-- Name: moon_moon_id_seq; Type: SEQUENCE SET; Schema: public; Owner: freecodecamp
--

SELECT pg_catalog.setval('public.moon_moon_id_seq', 21, true);


--
-- Name: planet_planet_id_seq; Type: SEQUENCE SET; Schema: public; Owner: freecodecamp
--

SELECT pg_catalog.setval('public.planet_planet_id_seq', 12, true);


--
-- Name: star_star_id_seq; Type: SEQUENCE SET; Schema: public; Owner: freecodecamp
--

SELECT pg_catalog.setval('public.star_star_id_seq', 7, true);


--
-- Name: alien alien_name_key; Type: CONSTRAINT; Schema: public; Owner: freecodecamp
--

ALTER TABLE ONLY public.alien
    ADD CONSTRAINT alien_name_key UNIQUE (name);


--
-- Name: alien alien_pkey; Type: CONSTRAINT; Schema: public; Owner: freecodecamp
--

ALTER TABLE ONLY public.alien
    ADD CONSTRAINT alien_pkey PRIMARY KEY (alien_id);


--
-- Name: galaxy galaxy_name_key; Type: CONSTRAINT; Schema: public; Owner: freecodecamp
--

ALTER TABLE ONLY public.galaxy
    ADD CONSTRAINT galaxy_name_key UNIQUE (name);


--
-- Name: galaxy galaxy_pkey; Type: CONSTRAINT; Schema: public; Owner: freecodecamp
--

ALTER TABLE ONLY public.galaxy
    ADD CONSTRAINT galaxy_pkey PRIMARY KEY (galaxy_id);


--
-- Name: moon moon_name_key; Type: CONSTRAINT; Schema: public; Owner: freecodecamp
--

ALTER TABLE ONLY public.moon
    ADD CONSTRAINT moon_name_key UNIQUE (name);


--
-- Name: moon moon_pkey; Type: CONSTRAINT; Schema: public; Owner: freecodecamp
--

ALTER TABLE ONLY public.moon
    ADD CONSTRAINT moon_pkey PRIMARY KEY (moon_id);


--
-- Name: planet planet_name_key; Type: CONSTRAINT; Schema: public; Owner: freecodecamp
--

ALTER TABLE ONLY public.planet
    ADD CONSTRAINT planet_name_key UNIQUE (name);


--
-- Name: planet planet_pkey; Type: CONSTRAINT; Schema: public; Owner: freecodecamp
--

ALTER TABLE ONLY public.planet
    ADD CONSTRAINT planet_pkey PRIMARY KEY (planet_id);


--
-- Name: star star_name_key; Type: CONSTRAINT; Schema: public; Owner: freecodecamp
--

ALTER TABLE ONLY public.star
    ADD CONSTRAINT star_name_key UNIQUE (name);


--
-- Name: star star_pkey; Type: CONSTRAINT; Schema: public; Owner: freecodecamp
--

ALTER TABLE ONLY public.star
    ADD CONSTRAINT star_pkey PRIMARY KEY (star_id);


--
-- Name: star galaxy_fk; Type: FK CONSTRAINT; Schema: public; Owner: freecodecamp
--

ALTER TABLE ONLY public.star
    ADD CONSTRAINT galaxy_fk FOREIGN KEY (galaxy_id) REFERENCES public.galaxy(galaxy_id);


--
-- Name: moon planet_fkey; Type: FK CONSTRAINT; Schema: public; Owner: freecodecamp
--

ALTER TABLE ONLY public.moon
    ADD CONSTRAINT planet_fkey FOREIGN KEY (planet_id) REFERENCES public.planet(planet_id);


--
-- Name: planet star_fkey; Type: FK CONSTRAINT; Schema: public; Owner: freecodecamp
--

ALTER TABLE ONLY public.planet
    ADD CONSTRAINT star_fkey FOREIGN KEY (star_id) REFERENCES public.star(star_id);


--
-- PostgreSQL database dump complete
--

